Player Name,Position,Team,Rookie,SFValue,Value
Jaxon Smith-Njigba,WR,SEA,No,9999,9998
Bijan Robinson,RB,ATL,No,9998,9998
Jahmyr Gibbs,RB,DET,No,9992,9992
Josh Allen,QB,BUF,No,9984,7785
Ja'Marr Chase,WR,CIN,No,9271,9461
Amon-Ra St. Brown,WR,DET,No,8159,8230
Brock Bowers,TE,LVR,No,7849,7934
Caleb Williams,QB,CHI,No,7823,6117
Lamar Jackson,QB,BAL,No,7722,6262
Puka Nacua,WR,LAR,No,7715,7751
Trey McBride,TE,ARI,No,7629,7728
Ashton Jeanty,RB,LVR,No,7584,7742
Justin Jefferson,WR,MIN,No,7370,7435
CeeDee Lamb,WR,DAL,No,7350,7400
Jeremiyah Love,RB,ARI,Yes,7176,7372
Kenneth Walker III,RB,KCC,No,7164,7421
Joe Burrow,QB,CIN,No,7074,5824
2027 Early 1st,PI,PICK,No,7057,7187
Drake Maye,QB,NEP,No,7011,5958
Malik Nabers,WR,NYG,No,6800,7039
Jonathan Taylor,RB,IND,No,6781,7085
Trevor Lawrence,QB,JAC,No,6778,5267
Drake London,WR,ATL,No,6690,6958
Brock Purdy,QB,SFO,No,6632,5112
James Cook,RB,BUF,No,6619,6889
Chris Olave,WR,NOS,No,6604,6958
Patrick Mahomes,QB,KCC,No,6535,5246
Jalen Hurts,QB,PHI,No,6263,5295
Omarion Hampton,RB,LAC,No,6178,6632
Tetairoa McMillan,WR,CAR,No,6116,6443
Garrett Wilson,WR,NYJ,No,6112,6454
Zay Flowers,WR,BAL,No,6110,6499
George Pickens,WR,DAL,No,6055,6446
Parker Washington,WR,JAC,No,5944,6320
Jayden Daniels,QB,WAS,No,5906,5529
Tyler Shough,QB,NOS,No,5886,4460
Chase Brown,RB,CIN,No,5833,6320
2027 Mid 1st,PI,PICK,No,5801,6197
Nico Collins,WR,HOU,No,5764,6179
Tyler Warren,TE,IND,No,5755,6153
DeVonta Smith,WR,PHI,No,5713,6195
Justin Herbert,QB,LAC,No,5667,4942
De'Von Achane,RB,MIA,No,5648,6117
Christian McCaffrey,RB,SFO,No,5631,6232
Emeka Egbuka,WR,TBB,No,5592,6144
Jaxson Dart,QB,NYG,No,5547,4775
Breece Hall,RB,NYJ,No,5542,6179
2028 Early 1st,PI,PICK,No,5505,5913
Ladd McConkey,WR,LAC,No,5501,6139
Bo Nix,QB,DEN,No,5462,4639
Dak Prescott,QB,DAL,No,5411,4622
Colston Loveland,TE,CHI,No,5370,6001
Bryce Young,QB,CAR,No,5248,3690
Fernando Mendoza,QB,LVR,Yes,5222,4371
Tee Higgins,WR,CIN,No,5103,5817
Kyren Williams,RB,LAR,No,5079,5885
Christian Watson,WR,GBP,No,5052,5795
2027 Late 1st,PI,PICK,No,5052,5635
Derrick Henry,RB,BAL,No,4995,5816
Bucky Irving,RB,TBB,No,4976,5749
Saquon Barkley,RB,PHI,No,4973,5708
Javonte Williams,RB,DAL,No,4969,5732
Jordan Love,QB,GBP,No,4947,4281
Carnell Tate,WR,TEN,Yes,4940,5635
Luther Burden,WR,CHI,No,4914,5730
TreVeyon Henderson,RB,NEP,No,4884,5620
Jadarian Price,RB,SEA,Yes,4856,5660
Jaylen Waddle,WR,DEN,No,4853,5583
Jordyn Tyson,WR,NOS,Yes,4788,5524
Cam Skattebo,RB,NYG,No,4787,5544
Rashee Rice,WR,KCC,No,4718,5411
D'Andre Swift,RB,CHI,No,4703,5527
Tucker Kraft,TE,GBP,No,4693,5375
Jared Goff,QB,DET,No,4687,4064
Quinshon Judkins,RB,CLE,No,4682,5529
2028 Mid 1st,PI,PICK,No,4674,5233
Jalen Coker,WR,CAR,No,4644,5279
Matthew Golden,WR,GBP,No,4615,5336
2029 Early 1st,PI,PICK,No,4582,5170
A.J. Brown,WR,NEP,No,4573,5267
Rome Odunze,WR,CHI,No,4509,5168
Bhayshul Tuten,RB,JAC,No,4504,5267
Harold Fannin,TE,CLE,No,4484,5135
Denzel Boston,WR,CLE,Yes,4476,5215
Sam LaPorta,TE,DET,No,4469,5126
Dalton Kincaid,TE,BUF,No,4449,5082
C.J. Stroud,QB,HOU,No,4419,3803
Sam Darnold,QB,SEA,No,4280,3642
Jameson Williams,WR,DET,No,4249,4926
Kenyon Sadiq,TE,NYJ,Yes,4206,4754
2028 Late 1st,PI,PICK,No,4181,4868
KC Concepcion,WR,CLE,Yes,4161,4965
Makai Lemon,WR,PHI,Yes,4114,4851
2029 Mid 1st,PI,PICK,No,4070,4599
Davante Adams,WR,LAR,No,3905,4587
Isaiah Likely,TE,NYG,No,3903,4579
2027 Early 2nd,PI,PICK,No,3893,4571
Baker Mayfield,QB,TBB,No,3872,3909
Michael Wilson,WR,ARI,No,3869,4603
Cam Ward,QB,TEN,No,3813,3839
Chuba Hubbard,RB,CAR,No,3812,4594
D.J. Moore,WR,BUF,No,3811,4559
Josh Downs,WR,IND,No,3782,4520
2029 Late 1st,PI,PICK,No,3778,4260
Travis Etienne,RB,NOS,No,3667,4537
Matthew Stafford,QB,LAR,No,3640,3788
George Kittle,TE,SFO,No,3606,4305
Blake Corum,RB,LAR,No,3578,4416
Brian Thomas Jr.,WR,JAC,No,3571,4384
Jordan Addison,WR,MIN,No,3553,4397
David Montgomery,RB,HOU,No,3552,4475
Kyle Monangai,RB,CHI,No,3525,4314
Daniel Jones,QB,IND,No,3521,3312
Kyler Murray,QB,MIN,No,3503,3576
Ty Simpson,QB,LAR,Yes,3501,3318
2027 Mid 2nd,PI,PICK,No,3497,4155
Jonah Coleman,RB,DEN,Yes,3492,4295
Marvin Harrison Jr.,WR,ARI,No,3466,4345
Kyle Pitts,TE,ATL,No,3454,4213
Alec Pierce,WR,IND,No,3433,4238
De'Zhaun Stribling,WR,SFO,Yes,3410,4303
Malik Willis,QB,MIA,No,3383,3382
Mike Evans,WR,SFO,No,3356,4120
Jaylen Warren,RB,PIT,No,3322,4152
Michael Penix Jr.,QB,ATL,No,3320,2825
2027 Late 2nd,PI,PICK,No,3297,3906
2028 Early 2nd,PI,PICK,No,3265,4011
RJ Harvey,RB,DEN,No,3232,4050
Antonio Williams,WR,WAS,Yes,3223,4065
Omar Cooper Jr.,WR,NYJ,Yes,3214,4049
Terrance Ferguson,TE,LAR,No,3200,3985
Ja'Kobi Lane,WR,BAL,Yes,3197,3992
Zach Charbonnet,RB,SEA,No,3193,4013
Xavier Worthy,WR,KCC,No,3190,3990
DK Metcalf,WR,PIT,No,3184,3996
Terry McLaurin,WR,WAS,No,3182,4039
Chris Bell,WR,MIA,Yes,3158,3960
Kaelon Black,RB,SFO,Yes,3153,3993
2028 Mid 2nd,PI,PICK,No,3147,3831
Caleb Douglas,WR,MIA,Yes,3135,3961
Jacory Croskey-Merritt,RB,WAS,No,3132,3956
Emmett Johnson,RB,KCC,Yes,3127,3897
Adonai Mitchell,WR,NYJ,No,3119,3841
Rhamondre Stevenson,RB,NEP,No,3110,3907
Malachi Fields,WR,NYG,Yes,3105,3849
Jake Ferguson,TE,DAL,No,3103,3806
Jayden Higgins,WR,HOU,No,3060,3835
Josh Jacobs,RB,GBP,No,3046,3825
Dontayvion Wicks,WR,PHI,No,3020,3686
2029 Early 2nd,PI,PICK,No,3015,3533
Ollie Gordon,RB,MIA,No,2992,3604
Juwan Johnson,TE,NOS,No,2985,3548
Pat Bryant,WR,DEN,No,2964,3589
Mike Washington Jr.,RB,LVR,Yes,2939,3617
Quentin Johnston,WR,LAC,No,2938,3769
Wan'Dale Robinson,WR,TEN,No,2934,3705
2028 Late 2nd,PI,PICK,No,2919,3451
Oronde Gadsden,TE,LAC,No,2913,3616
Travis Kelce,TE,KCC,No,2910,3527
Deebo Samuel,WR,SFO,No,2882,3469
Khalil Shakir,WR,BUF,No,2877,3575
Stefon Diggs,WR,WAS,No,2875,3549
Braelon Allen,RB,NYJ,No,2865,3493
Michael Pittman,WR,PIT,No,2847,3574
Tre Tucker,WR,LVR,No,2830,3462
Woody Marks,RB,HOU,No,2820,3564
J.K. Dobbins,RB,DEN,No,2817,3576
Germie Bernard,WR,PIT,Yes,2812,3512
Jayden Reed,WR,GBP,No,2803,3558
Jonathon Brooks,RB,CAR,No,2796,3590
Brenton Strange,TE,JAC,No,2785,3439
Devaughn Vele,WR,NOS,No,2781,3234
Chris Godwin,WR,TBB,No,2751,3474
Eli Stowers,TE,PHI,Yes,2749,3347
2029 Mid 2nd,PI,PICK,No,2749,3289
Romeo Doubs,WR,NEP,No,2741,3482
Jordan Mason,RB,MIN,No,2736,3434
Ted Hurst,WR,TBB,Yes,2723,3310
Jakobi Meyers,WR,JAC,No,2713,3348
Malik Washington,WR,MIA,No,2709,3265
Dallas Goedert,TE,PHI,No,2705,3283
Courtland Sutton,WR,DEN,No,2701,3383
Rico Dowdle,RB,PIT,No,2671,3382
Aaron Jones,RB,MIN,No,2650,3230
2027 Early 3rd,PI,PICK,No,2649,3114
Tony Pollard,RB,TEN,No,2644,3257
Mark Andrews,TE,BAL,No,2641,3201
Dalton Schultz,TE,HOU,No,2640,3129
Keon Coleman,WR,BUF,No,2633,3161
Tank Bigsby,RB,PHI,No,2625,3200
Nicholas Singleton,RB,TEN,Yes,2615,3281
Tre Harris,WR,LAC,No,2611,3168
2029 Late 2nd,PI,PICK,No,2608,2996
Tyler Allgeier,RB,ARI,No,2604,3293
Jacoby Brissett,QB,ARI,No,2602,2201
Keaton Mitchell,RB,LAC,No,2595,3100
Ricky Pearsall,WR,SFO,No,2592,3152
T.J. Hockenson,TE,MIN,No,2589,3122
Rachaad White,RB,WAS,No,2589,3225
Carson Beck,QB,ARI,Yes,2586,1783
Kayshon Boutte,WR,HOU,No,2574,3192
Kenneth Gainwell,RB,TBB,No,2568,3171
Michael Mayer,TE,LVR,No,2562,2993
AJ Barner,TE,SEA,No,2552,3066
Jalen McMillan,WR,TBB,No,2536,3090
2027 Mid 3rd,PI,PICK,No,2528,2884
Geno Smith,QB,NYJ,No,2482,1743
Rashod Bateman,WR,BAL,No,2475,2844
Jaylin Noel,WR,HOU,No,2459,2989
Zachariah Branch,WR,ATL,Yes,2459,3052
Kirk Cousins,QB,LVR,No,2457,1655
Eli Raridon,TE,NEP,Yes,2447,2952
Tyjae Spears,RB,TEN,No,2441,3009
Rashid Shaheed,WR,SEA,No,2439,2975
Pat Freiermuth,TE,PIT,No,2436,2851
Cyrus Allen,WR,KCC,Yes,2433,3114
Dylan Sampson,RB,CLE,No,2409,2972
Brian Robinson,RB,ATL,No,2407,2931
Isaac TeSlaa,WR,DET,No,2401,2967
2028 Early 3rd,PI,PICK,No,2389,2826
MarShawn Lloyd,RB,GBP,No,2384,3106
Mac Jones,QB,SFO,No,2377,1953
Drew Allar,QB,PIT,Yes,2363,291
2027 Late 3rd,PI,PICK,No,2357,2759
Elijah Sarratt,WR,BAL,Yes,2347,2795
2028 Mid 3rd,PI,PICK,No,2339,2668
J.J. McCarthy,QB,MIN,No,2323,1882
Kaytron Allen,RB,WAS,Yes,2321,2935
Tank Dell,WR,HOU,No,2316,2732
Shedeur Sanders,QB,CLE,No,2314,2292
Travis Hunter,WR,JAC,No,2313,2892
Hunter Henry,TE,NEP,No,2312,2715
Chris Rodriguez,RB,JAC,No,2312,2925
Kaleb Johnson,RB,GBP,No,2296,2771
Jack Bech,WR,LVR,No,2295,2846
2029 Early 3rd,PI,PICK,No,2278,2468
Elic Ayomanor,WR,TEN,No,2249,2756
Chigoziem Okonkwo,TE,WAS,No,2228,2752
Troy Franklin,WR,DEN,No,2226,2788
Gunnar Helm,TE,TEN,No,2215,2741
Xavier Hutchinson,WR,HOU,No,2211,2591
Drew Lock,QB,SEA,No,2210,753
Marcus Mariota,QB,WAS,No,2207,1259
Roman Wilson,WR,PIT,No,2201,2563
Jalon Daniels,QB,TBB,Yes,2200,1159
Jaylen Wright,RB,MIA,No,2200,2778
Tory Horton,WR,SEA,No,2181,2805
Cade Otton,TE,TBB,No,2165,2642
2028 Late 3rd,PI,PICK,No,2164,2456
Deshaun Watson,QB,CLE,No,2155,971
Demond Claiborne,RB,MIN,Yes,2146,2769
Kevin Coleman,WR,MIA,Yes,2144,2630
Kendre Miller,RB,NOS,No,2117,2577
Demario Douglas,WR,NEP,No,2111,2619
Jalen Nailor,WR,LVR,No,2073,2662
Chris Brazzell II,WR,CAR,Yes,2072,2698
Ryan Flournoy,WR,DAL,No,2071,2591
Skyler Bell,WR,BUF,Yes,2069,2622
Cole Kmet,TE,CHI,No,2067,2443
Mason Taylor,TE,NYJ,No,2064,2621
Kyle Williams,WR,NEP,No,2063,2655
Elijah Arroyo,TE,SEA,No,2062,2622
Max Klare,TE,LAR,Yes,2048,2562
Tyquan Thornton,WR,KCC,No,2035,2383
Kimani Vidal,RB,LAC,No,2018,2560
2029 Mid 3rd,PI,PICK,No,2017,2357
Evan Engram,TE,DEN,No,2010,2309
2027 Early 4th,PI,PICK,No,1992,2279
Jalen Milroe,QB,SEA,No,1992,2092
Cade Klubnik,QB,NYJ,Yes,1988,1605
Bryce Lance,WR,NOS,Yes,1981,2505
Alvin Kamara,RB,NOS,No,1979,2444
Zavion Thomas,WR,CHI,Yes,1974,2528
2029 Late 3rd,PI,PICK,No,1974,2193
Jaylin Lane,WR,WAS,No,1972,2368
George Holani,RB,SEA,No,1971,2396
Tez Johnson,WR,TBB,No,1967,2452
Colby Parkinson,TE,LAR,No,1960,2467
Aaron Rodgers,QB,PIT,No,1959,1481
Oscar Delp,TE,NOS,Yes,1950,2510
Chimere Dike,WR,TEN,No,1946,2422
Emanuel Wilson,RB,SEA,No,1941,2265
Darnell Washington,TE,PIT,No,1938,2342
Tyson Bagent,QB,CHI,No,1936,1017
Adam Randall,RB,BAL,Yes,1936,2477
Sean Tucker,RB,TBB,No,1928,2532
Greg Dulcich,TE,MIA,No,1920,2418
Raheim Sanders,RB,CLE,No,1918,2330
Marvin Mims,WR,DEN,No,1909,2365
Jauan Jennings,WR,MIN,No,1906,2436
Jerry Jeudy,WR,CLE,No,1899,2486
2027 Mid 4th,PI,PICK,No,1885,2200
LeQuint Allen,RB,JAC,No,1879,2396
Ray Davis,RB,BUF,No,1878,2447
Jordan James,RB,SFO,No,1862,2536
Tua Tagovailoa,QB,ATL,No,1856,1858
David Njoku,TE,LAC,No,1847,2265
Seth McGowan,RB,IND,Yes,1847,2374
Trevor Etienne,RB,CAR,No,1834,2293
Xavier Legette,WR,CAR,No,1830,2219
Jalen Royals,WR,KCC,No,1811,2259
Dawson Knox,TE,BUF,No,1808,2200
Anthony Richardson,QB,IND,No,1807,1807
Jameis Winston,QB,NYG,No,1805,1502
Joshua Palmer,WR,BUF,No,1798,2167
Mike Gesicki,TE,CIN,No,1794,2157
2028 Early 4th,PI,PICK,No,1793,2070
Isaiah Bond,WR,CLE,No,1773,2283
Theo Johnson,TE,NYG,No,1762,2285
Tyrone Tracy,RB,NYG,No,1752,2295
Carson Wentz,QB,MIN,No,1748,939
Cooper Kupp,WR,SEA,No,1745,2051
Isaiah Davis,RB,NYJ,No,1739,2231
Darnell Mooney,WR,NYG,No,1737,2176
Chris Brooks,RB,GBP,No,1728,2191
2027 Late 4th,PI,PICK,No,1728,1979
Dont'e Thornton,WR,LVR,No,1709,2199
Will Shipley,RB,PHI,No,1705,2129
Darren Waller,TE,CAR,No,1688,1919
DJ Giddens,RB,IND,No,1671,2176
Isiah Pacheco,RB,DET,No,1662,2099
Barion Brown,WR,NOS,Yes,1651,2069
Eli Heidenreich,RB,PIT,Yes,1644,2061
Will Howard,QB,PIT,No,1643,1525
Brashard Smith,RB,KCC,No,1643,2085
Malik Davis,RB,DAL,No,1633,2014
Jake Tonges,TE,SFO,No,1631,1994
Kendrick Bourne,WR,ARI,No,1629,1895
Keenan Allen,WR,IND,No,1629,2050
Brenen Thompson,WR,LAC,Yes,1628,2011
Malik Benson,WR,LVR,Yes,1618,2029
2028 Mid 4th,PI,PICK,No,1607,1949
Jahan Dotson,WR,ATL,No,1588,1987
Trey Benson,RB,ARI,No,1575,2068
Justice Hill,RB,BAL,No,1573,1980
2029 Early 4th,PI,PICK,No,1571,1854
Justin Fields,QB,KCC,No,1556,1724
Taylen Green,QB,CLE,Yes,1556,220
Devin Singletary,RB,NYG,No,1538,1847
Christian Kirk,WR,SFO,No,1537,1917
Mack Hollins,WR,NEP,No,1523,1766
Ja'Tavion Sanders,TE,CAR,No,1514,1911
Noah Fant,TE,NOS,No,1507,1796
Andrei Iosivas,WR,CIN,No,1490,1861
Devontez Walker,WR,BAL,No,1481,1814
Konata Mumpfield,WR,LAR,No,1463,1774
Roschon Johnson,RB,CHI,No,1462,1907
Najee Harris,RB,NYG,No,1456,1924
Noah Gray,TE,KCC,No,1446,1800
Sione Vaki,RB,DET,No,1432,1654
Emari Demercado,RB,DAL,No,1431,1722
Joe Milton,QB,DAL,No,1431,1370
2028 Late 4th,PI,PICK,No,1431,1667
Jahdae Walker,WR,CHI,No,1424,1614
Ben Sinnott,TE,WAS,No,1422,1835
Justin Joly,TE,MIA,Yes,1422,1835
Luke Musgrave,TE,GBP,No,1407,1749
Jalen Tolbert,WR,MIA,No,1370,1778
Deion Burks,WR,IND,Yes,1369,1771
Jack Strand,QB,ATL,Yes,1368,358
2029 Mid 4th,PI,PICK,No,1360,1685
Garrett Nussmeier,QB,KCC,Yes,1358,1301
Quinn Ewers,QB,JAC,No,1354,1340
Savion Williams,WR,GBP,No,1353,1779
Matthew Hibner,TE,BAL,Yes,1344,1581
Tahj Brooks,RB,CIN,No,1343,1814
Treylon Burks,WR,WAS,No,1342,1700
Josh Cameron,WR,JAC,Yes,1342,1532
Tutu Atwell,WR,LAR,No,1327,1702
Jordan Whittington,WR,LAR,No,1323,1682
Zach Ertz,TE,PHI,No,1318,1582
Colbie Young,WR,CIN,Yes,1314,1521
Charlie Kolar,TE,LAC,No,1308,1577
Marlin Klein,TE,HOU,Yes,1306,1594
John Metchie,WR,CAR,No,1302,1618
Erick All,TE,CIN,No,1302,1645
Riley Leonard,QB,IND,No,1299,1078
Luke McCaffrey,WR,WAS,No,1296,1642
Calvin Ridley,WR,TEN,No,1276,1664
Jarquez Hunter,RB,MIA,No,1276,1734
Jaydon Blue,RB,PHI,No,1254,1650
Tommy Tremble,TE,CAR,No,1252,1500
Cedric Tillman,WR,NOS,No,1245,1523
Olamide Zaccheaus,WR,ATL,No,1243,1516
Kalif Raymond,WR,CHI,No,1242,1448
James Conner,RB,ARI,No,1232,1634
Jordan Watkins,WR,SFO,No,1232,1468
Tyler Higbee,TE,LAR,No,1225,1500
Kameron Johnson,WR,TBB,No,1225,1459
Spencer Rattler,QB,NOS,No,1219,987
Dyami Brown,WR,WAS,No,1218,1523
Ty Johnson,RB,BUF,No,1210,1445
Jacob Saylors,RB,DET,No,1210,1435
Trey Palmer,WR,NOS,No,1209,1490
Tai Felton,WR,MIN,No,1208,1531
2029 Late 4th,PI,PICK,No,1201,1456
KeAndre Lambert-Smith,WR,LAC,No,1200,1549
Audric Estime,RB,FA,No,1196,1555
Jacob Cowing,WR,SFO,No,1191,1482
Dillon Gabriel,QB,CLE,No,1190,977
Isaac Guerendo,RB,SFO,No,1177,1447
Daniel Bellinger,TE,TEN,No,1176,1418
Malachi Corley,WR,CLE,No,1176,1491
Jack Endries,TE,CIN,Yes,1176,1366
Cade Stover,TE,HOU,No,1166,1436
Marquise Brown,WR,PHI,No,1163,1424
J'Mari Taylor,RB,JAC,Yes,1161,1372
CJ Daniels,WR,LAR,Yes,1157,1446
Jimmy Horn,WR,CLE,No,1151,1531
Mitchell Evans,TE,CAR,No,1125,1333
Greg Dortch,WR,BUF,No,1112,1332
Rasheen Ali,RB,BAL,No,1106,1377
Samaje Perine,RB,CIN,No,1101,1382
Calvin Austin III,WR,NYG,No,1099,1295
Tyler Huntley,QB,BAL,No,1097,617
Elijah Moore,WR,PHI,No,1095,1350
Jonathan Mingo,WR,DAL,No,1094,1372
Skyy Moore,WR,GBP,No,1086,1242
Davis Mills,QB,HOU,No,1073,300
Jaleel McLaughlin,RB,CLE,No,1073,1340
Sam Roush,TE,CHI,Yes,1069,1269
Jalin Hyatt,WR,NYG,No,1066,1350
Jonnu Smith,TE,GBP,No,1053,1311
Michael Trigg,TE,DAL,Yes,1041,1228
Tanner Koziol,TE,JAC,Yes,1028,1146
Devin Neal,RB,FA,No,1019,1416
Xavier Restrepo,WR,TEN,No,1005,1204
Luke Schoonmaker,TE,DAL,No,981,1137
Efton Chism,WR,NEP,No,964,1215
KaVontae Turpin,WR,DAL,No,958,1224
Gabriel Davis,WR,BUF,No,951,1188
Demarcus Robinson,WR,SFO,No,949,1179
Tyler Badie,RB,DEN,No,927,1123
Will Kacmarek,TE,MIA,Yes,924,1072
Tyler Goodson,RB,DAL,No,920,1089
Tyreek Hill,WR,FA,No,919,1189
Elijah Higgins,TE,ARI,No,919,1174
David Bell,WR,CLE,No,911,1167
Frank Gore Jr.,RB,BUF,No,906,1089
Darius Slayton,WR,IND,No,904,1157
Sam Howell,QB,DAL,No,895,584
Tanner McKee,QB,PHI,No,888,475
Kalel Mullings,RB,TEN,No,883,1077
Dameon Pierce,RB,PHI,No,875,1036
Bo Melton,WR,GBP,No,872,1033
Trey Lance,QB,LAC,No,870,555
Jerome Ford,RB,MIN,No,863,1050
Bam Knight,RB,ARI,No,858,1112
Davis Allen,TE,LAR,No,855,1123
Javon Baker,WR,SFO,No,854,1116
Jared Wiley,TE,KCC,No,854,935
Gardner Minshew,QB,ARI,No,853,408
Mason Tipton,WR,NOS,No,847,998
Khalil Herbert,RB,ATL,No,841,927
Kenny Pickett,QB,CAR,No,832,556
Israel Abanikanda,RB,DAL,No,832,995
Phil Mafah,RB,NYG,No,830,1000
Le'Veon Moss,RB,MIA,Yes,829,991
Brevin Jordan,TE,HOU,No,825,993
Xavier Gipson,WR,PHI,No,818,989
Reggie Virgil,WR,ARI,Yes,814,967
Brock Wright,TE,DET,No,813,889
Kyle McCord,QB,MIA,No,809,283
Michael Carter,RB,TEN,No,805,975
Stetson Bennett,QB,LAR,No,800,260
Kendall Milton,RB,CIN,No,797,948
Nick Westbrook-Ikhine,WR,IND,No,796,960
Arian Smith,WR,NYJ,No,792,1016
AJ Dillon,RB,CAR,No,788,935
Joe Flacco,QB,CIN,No,788,568
Cody White,WR,LVR,No,786,890
Cole Payton,QB,PHI,Yes,683,197
Isaiah Hodgins,WR,PIT,No,677,818
Will Levis,QB,NYJ,No,627,535
Tyrell Shavers,WR,BUF,No,610,909
LaJohntay Wester,WR,BAL,No,578,806
Dohnte Meyers,WR,CIN,No,572,826
Jake Bobo,WR,SEA,No,569,802
Brandon Aiyuk,WR,SFO,No,563,647
Jeremy Ruckert,TE,NYJ,No,555,675
Damien Martinez,RB,FA,No,555,755
Lil'Jordan Humphrey,WR,DEN,No,547,788
Julius Chestnut,RB,TEN,No,534,669
Dylan Laube,RB,LVR,No,522,723
Tahj Washington,WR,FA,No,518,659
Foster Moreau,TE,HOU,No,514,605
Jam Miller,RB,RFA,No,503,678
Malik Heath,WR,ATL,No,502,616
Adam Trautman,TE,DEN,No,500,668
Donovan Edwards,RB,FA,No,492,589
Derius Davis,WR,LAC,No,486,692
Bub Means,WR,CLE,No,481,609
Jawhar Jordan,RB,HOU,No,481,620
Johnny Wilson,WR,PHI,No,479,761
Zavier Scott,RB,CHI,No,479,557
Aidan O'Connell,QB,LVR,No,467,562
Josh Oliver,TE,MIN,No,463,580
Zay Jones,WR,FA,No,460,555
Devin Duvernay,WR,ARI,No,460,552
Austin Ekeler,RB,FA,No,171,228
